route,feed_move,pe_move,basis_cents_lb_feed,hedge_fraction,physical_contribution_usd,swap_pnl_usd,hedged_contribution_usd,feed_volume_lb
ethane,-0.2,-0.15,0,0.0,374254.0816326531,-0.0,374254.0816326531,1275510.2040816327
ethane,-0.2,-0.15,0,0.5,374254.0816326531,-17219.387755102034,357034.69387755106,1275510.2040816327
ethane,-0.2,-0.15,0,1.0,374254.0816326531,-34438.77551020407,339815.306122449,1275510.2040816327
ethane,-0.2,-0.15,2,0.0,348743.87755102036,-0.0,348743.87755102036,1275510.2040816327
ethane,-0.2,-0.15,2,0.5,348743.87755102036,-17219.387755102034,331524.48979591834,1275510.2040816327
ethane,-0.2,-0.15,2,1.0,348743.87755102036,-34438.77551020407,314305.1020408163,1275510.2040816327
ethane,-0.2,0.0,0,0.0,493204.081632653,-0.0,493204.081632653,1275510.2040816327
ethane,-0.2,0.0,0,0.5,493204.081632653,-17219.387755102034,475984.693877551,1275510.2040816327
ethane,-0.2,0.0,0,1.0,493204.081632653,-34438.77551020407,458765.30612244894,1275510.2040816327
ethane,-0.2,0.0,2,0.0,467693.87755102036,-0.0,467693.87755102036,1275510.2040816327
ethane,-0.2,0.0,2,0.5,467693.87755102036,-17219.387755102034,450474.48979591834,1275510.2040816327
ethane,-0.2,0.0,2,1.0,467693.87755102036,-34438.77551020407,433255.1020408163,1275510.2040816327
ethane,-0.2,0.15,0,0.0,612154.081632653,-0.0,612154.081632653,1275510.2040816327
ethane,-0.2,0.15,0,0.5,612154.081632653,-17219.387755102034,594934.693877551,1275510.2040816327
ethane,-0.2,0.15,0,1.0,612154.081632653,-34438.77551020407,577715.306122449,1275510.2040816327
ethane,-0.2,0.15,2,0.0,586643.8775510204,-0.0,586643.8775510204,1275510.2040816327
ethane,-0.2,0.15,2,0.5,586643.8775510204,-17219.387755102034,569424.4897959183,1275510.2040816327
ethane,-0.2,0.15,2,1.0,586643.8775510204,-34438.77551020407,552205.1020408163,1275510.2040816327
ethane,0.0,-0.15,0,0.0,339815.306122449,0.0,339815.306122449,1275510.2040816327
ethane,0.0,-0.15,0,0.5,339815.306122449,0.0,339815.306122449,1275510.2040816327
ethane,0.0,-0.15,0,1.0,339815.306122449,0.0,339815.306122449,1275510.2040816327
ethane,0.0,-0.15,2,0.0,314305.10204081633,0.0,314305.10204081633,1275510.2040816327
ethane,0.0,-0.15,2,0.5,314305.10204081633,0.0,314305.10204081633,1275510.2040816327
ethane,0.0,-0.15,2,1.0,314305.10204081633,0.0,314305.10204081633,1275510.2040816327
ethane,0.0,0.0,0,0.0,458765.3061224489,0.0,458765.3061224489,1275510.2040816327
ethane,0.0,0.0,0,0.5,458765.3061224489,0.0,458765.3061224489,1275510.2040816327
ethane,0.0,0.0,0,1.0,458765.3061224489,0.0,458765.3061224489,1275510.2040816327
ethane,0.0,0.0,2,0.0,433255.10204081633,0.0,433255.10204081633,1275510.2040816327
ethane,0.0,0.0,2,0.5,433255.10204081633,0.0,433255.10204081633,1275510.2040816327
ethane,0.0,0.0,2,1.0,433255.10204081633,0.0,433255.10204081633,1275510.2040816327
ethane,0.0,0.15,0,0.0,577715.3061224489,0.0,577715.3061224489,1275510.2040816327
ethane,0.0,0.15,0,0.5,577715.3061224489,0.0,577715.3061224489,1275510.2040816327
ethane,0.0,0.15,0,1.0,577715.3061224489,0.0,577715.3061224489,1275510.2040816327
ethane,0.0,0.15,2,0.0,552205.1020408162,0.0,552205.1020408162,1275510.2040816327
ethane,0.0,0.15,2,0.5,552205.1020408162,0.0,552205.1020408162,1275510.2040816327
ethane,0.0,0.15,2,1.0,552205.1020408162,0.0,552205.1020408162,1275510.2040816327
ethane,0.2,-0.15,0,0.0,305376.53061224497,0.0,305376.53061224497,1275510.2040816327
ethane,0.2,-0.15,0,0.5,305376.53061224497,17219.387755102034,322595.918367347,1275510.2040816327
ethane,0.2,-0.15,0,1.0,305376.53061224497,34438.77551020407,339815.30612244905,1275510.2040816327
ethane,0.2,-0.15,2,0.0,279866.3265306123,0.0,279866.3265306123,1275510.2040816327
ethane,0.2,-0.15,2,0.5,279866.3265306123,17219.387755102034,297085.7142857143,1275510.2040816327
ethane,0.2,-0.15,2,1.0,279866.3265306123,34438.77551020407,314305.1020408164,1275510.2040816327
ethane,0.2,0.0,0,0.0,424326.5306122449,0.0,424326.5306122449,1275510.2040816327
ethane,0.2,0.0,0,0.5,424326.5306122449,17219.387755102034,441545.9183673469,1275510.2040816327
ethane,0.2,0.0,0,1.0,424326.5306122449,34438.77551020407,458765.306122449,1275510.2040816327
ethane,0.2,0.0,2,0.0,398816.32653061225,0.0,398816.32653061225,1275510.2040816327
ethane,0.2,0.0,2,0.5,398816.32653061225,17219.387755102034,416035.71428571426,1275510.2040816327
ethane,0.2,0.0,2,1.0,398816.32653061225,34438.77551020407,433255.10204081633,1275510.2040816327
ethane,0.2,0.15,0,0.0,543276.5306122449,0.0,543276.5306122449,1275510.2040816327
ethane,0.2,0.15,0,0.5,543276.5306122449,17219.387755102034,560495.9183673469,1275510.2040816327
ethane,0.2,0.15,0,1.0,543276.5306122449,34438.77551020407,577715.3061224489,1275510.2040816327
ethane,0.2,0.15,2,0.0,517766.3265306122,0.0,517766.3265306122,1275510.2040816327
ethane,0.2,0.15,2,0.5,517766.3265306122,17219.387755102034,534985.7142857142,1275510.2040816327
ethane,0.2,0.15,2,1.0,517766.3265306122,34438.77551020407,552205.1020408162,1275510.2040816327
propane,-0.2,-0.15,0,0.0,-84686.63751214776,-0.0,-84686.63751214776,2429543.2458697767
propane,-0.2,-0.15,0,0.5,-84686.63751214776,-74586.97764820211,-159273.61516034987,2429543.2458697767
propane,-0.2,-0.15,0,1.0,-84686.63751214776,-149173.95529640422,-233860.59280855197,2429543.2458697767
propane,-0.2,-0.15,2,0.0,-133277.50242954338,-0.0,-133277.50242954338,2429543.2458697767
propane,-0.2,-0.15,2,0.5,-133277.50242954338,-74586.97764820211,-207864.4800777455,2429543.2458697767
propane,-0.2,-0.15,2,1.0,-133277.50242954338,-149173.95529640422,-282451.4577259476,2429543.2458697767
propane,-0.2,0.0,0,0.0,34263.362487852195,-0.0,34263.362487852195,2429543.2458697767
propane,-0.2,0.0,0,0.5,34263.362487852195,-74586.97764820211,-40323.61516034992,2429543.2458697767
propane,-0.2,0.0,0,1.0,34263.362487852195,-149173.95529640422,-114910.59280855203,2429543.2458697767
propane,-0.2,0.0,2,0.0,-14327.502429543414,-0.0,-14327.502429543414,2429543.2458697767
propane,-0.2,0.0,2,0.5,-14327.502429543414,-74586.97764820211,-88914.48007774552,2429543.2458697767
propane,-0.2,0.0,2,1.0,-14327.502429543414,-149173.95529640422,-163501.45772594764,2429543.2458697767
propane,-0.2,0.15,0,0.0,153213.36248785214,-0.0,153213.36248785214,2429543.2458697767
propane,-0.2,0.15,0,0.5,153213.36248785214,-74586.97764820211,78626.38483965003,2429543.2458697767
propane,-0.2,0.15,0,1.0,153213.36248785214,-149173.95529640422,4039.4071914479136,2429543.2458697767
propane,-0.2,0.15,2,0.0,104622.49757045654,-0.0,104622.49757045654,2429543.2458697767
propane,-0.2,0.15,2,0.5,104622.49757045654,-74586.97764820211,30035.519922254432,2429543.2458697767
propane,-0.2,0.15,2,1.0,104622.49757045654,-149173.95529640422,-44551.45772594768,2429543.2458697767
propane,0.0,-0.15,0,0.0,-233860.5928085521,0.0,-233860.5928085521,2429543.2458697767
propane,0.0,-0.15,0,0.5,-233860.5928085521,0.0,-233860.5928085521,2429543.2458697767
propane,0.0,-0.15,0,1.0,-233860.5928085521,0.0,-233860.5928085521,2429543.2458697767
propane,0.0,-0.15,2,0.0,-282451.45772594755,0.0,-282451.45772594755,2429543.2458697767
propane,0.0,-0.15,2,0.5,-282451.45772594755,0.0,-282451.45772594755,2429543.2458697767
propane,0.0,-0.15,2,1.0,-282451.45772594755,0.0,-282451.45772594755,2429543.2458697767
propane,0.0,0.0,0,0.0,-114910.5928085521,0.0,-114910.5928085521,2429543.2458697767
propane,0.0,0.0,0,0.5,-114910.5928085521,0.0,-114910.5928085521,2429543.2458697767
propane,0.0,0.0,0,1.0,-114910.5928085521,0.0,-114910.5928085521,2429543.2458697767
propane,0.0,0.0,2,0.0,-163501.45772594758,0.0,-163501.45772594758,2429543.2458697767
propane,0.0,0.0,2,0.5,-163501.45772594758,0.0,-163501.45772594758,2429543.2458697767
propane,0.0,0.0,2,1.0,-163501.45772594758,0.0,-163501.45772594758,2429543.2458697767
propane,0.0,0.15,0,0.0,4039.40719144785,0.0,4039.40719144785,2429543.2458697767
propane,0.0,0.15,0,0.5,4039.40719144785,0.0,4039.40719144785,2429543.2458697767
propane,0.0,0.15,0,1.0,4039.40719144785,0.0,4039.40719144785,2429543.2458697767
propane,0.0,0.15,2,0.0,-44551.457725947614,0.0,-44551.457725947614,2429543.2458697767
propane,0.0,0.15,2,0.5,-44551.457725947614,0.0,-44551.457725947614,2429543.2458697767
propane,0.0,0.15,2,1.0,-44551.457725947614,0.0,-44551.457725947614,2429543.2458697767
propane,0.2,-0.15,0,0.0,-383034.5481049562,0.0,-383034.5481049562,2429543.2458697767
propane,0.2,-0.15,0,0.5,-383034.5481049562,74586.97764820211,-308447.5704567541,2429543.2458697767
propane,0.2,-0.15,0,1.0,-383034.5481049562,149173.95529640422,-233860.592808552,2429543.2458697767
propane,0.2,-0.15,2,0.0,-431625.4130223517,0.0,-431625.4130223517,2429543.2458697767
propane,0.2,-0.15,2,0.5,-431625.4130223517,74586.97764820211,-357038.4353741496,2429543.2458697767
propane,0.2,-0.15,2,1.0,-431625.4130223517,149173.95529640422,-282451.4577259475,2429543.2458697767
propane,0.2,0.0,0,0.0,-264084.5481049563,0.0,-264084.5481049563,2429543.2458697767
propane,0.2,0.0,0,0.5,-264084.5481049563,74586.97764820211,-189497.57045675418,2429543.2458697767
propane,0.2,0.0,0,1.0,-264084.5481049563,149173.95529640422,-114910.59280855206,2429543.2458697767
propane,0.2,0.0,2,0.0,-312675.41302235174,0.0,-312675.41302235174,2429543.2458697767
propane,0.2,0.0,2,0.5,-312675.41302235174,74586.97764820211,-238088.43537414965,2429543.2458697767
propane,0.2,0.0,2,1.0,-312675.41302235174,149173.95529640422,-163501.45772594752,2429543.2458697767
propane,0.2,0.15,0,0.0,-145134.5481049563,0.0,-145134.5481049563,2429543.2458697767
propane,0.2,0.15,0,0.5,-145134.5481049563,74586.97764820211,-70547.5704567542,2429543.2458697767
propane,0.2,0.15,0,1.0,-145134.5481049563,149173.95529640422,4039.4071914479136,2429543.2458697767
propane,0.2,0.15,2,0.0,-193725.4130223518,0.0,-193725.4130223518,2429543.2458697767
propane,0.2,0.15,2,0.5,-193725.4130223518,74586.97764820211,-119138.43537414969,2429543.2458697767
propane,0.2,0.15,2,1.0,-193725.4130223518,149173.95529640422,-44551.45772594758,2429543.2458697767
