quarter,route,market,cracker_proxy_cents_lb_ethylene,polymer_proxy_cents_lb_pe,integrated_proxy_cents_lb_pe,feed_lb_per_lb_pe
2019Q1,ethane,domestic,-5.5,36.6530612244898,31.040816326530614,1.2755102040816326
2019Q1,ethane,export,-5.5,20.653061224489797,15.040816326530614,1.2755102040816326
2019Q1,propane,domestic,-30.38095238095238,36.6530612244898,5.6520894071914505,2.4295432458697768
2019Q1,propane,export,-30.38095238095238,20.653061224489797,-10.34791059280855,2.4295432458697768
2019Q2,ethane,domestic,-5.174999999999999,43.02040816326531,37.73979591836735,1.2755102040816326
2019Q2,ethane,export,-5.174999999999999,22.820408163265306,17.539795918367346,1.2755102040816326
2019Q2,propane,domestic,-26.77619047619048,43.02040816326531,15.697764820213798,2.4295432458697768
2019Q2,propane,export,-26.77619047619048,22.820408163265306,-4.502235179786204,2.4295432458697768
2019Q3,ethane,domestic,3.4499999999999993,31.877551020408163,35.39795918367347,1.2755102040816326
2019Q3,ethane,export,3.4499999999999993,12.577551020408166,16.09795918367347,1.2755102040816326
2019Q3,propane,domestic,-13.823809523809526,31.877551020408163,17.771622934888235,2.4295432458697768
2019Q3,propane,export,-13.823809523809526,12.577551020408166,-1.5283770651117603,2.4295432458697768
2019Q4,ethane,domestic,4.925000000000001,24.73469387755102,29.760204081632654,1.2755102040816326
2019Q4,ethane,export,4.925000000000001,8.434693877551023,13.460204081632657,1.2755102040816326
2019Q4,propane,domestic,-15.295238095238098,24.73469387755102,9.127308066083573,2.4295432458697768
2019Q4,propane,export,-15.295238095238098,8.434693877551023,-7.172691933916424,2.4295432458697768
2020Q1,ethane,domestic,-0.07499999999999929,30.17755102040816,30.10102040816326,1.2755102040816326
2020Q1,ethane,export,-0.07499999999999929,17.27755102040816,17.201020408163263,1.2755102040816326
2020Q1,propane,domestic,-15.152380952380955,30.17755102040816,14.7159378036929,2.4295432458697768
2020Q1,propane,export,-15.152380952380955,17.27755102040816,1.8159378036929006,2.4295432458697768
2020Q2,ethane,domestic,-7.0,31.775510204081634,24.63265306122449,1.2755102040816326
2020Q2,ethane,export,-7.0,21.275510204081634,14.132653061224492,1.2755102040816326
2020Q2,propane,domestic,-21.857142857142858,31.775510204081634,9.472303206997086,2.4295432458697768
2020Q2,propane,export,-21.857142857142858,21.275510204081634,-1.0276967930029137,2.4295432458697768
2020Q3,ethane,domestic,0.05000000000000071,35.30612244897959,35.35714285714286,1.2755102040816326
2020Q3,ethane,export,0.05000000000000071,20.006122448979593,20.057142857142857,1.2755102040816326
2020Q3,propane,domestic,-19.033333333333335,35.30612244897959,15.884353741496597,2.4295432458697768
2020Q3,propane,export,-19.033333333333335,20.006122448979593,0.5843537414965958,2.4295432458697768
2020Q4,ethane,domestic,5.125000000000002,37.210204081632654,42.43979591836735,1.2755102040816326
2020Q4,ethane,export,5.125000000000002,22.710204081632657,27.939795918367352,1.2755102040816326
2020Q4,propane,domestic,-18.142857142857146,37.210204081632654,18.697084548104954,2.4295432458697768
2020Q4,propane,export,-18.142857142857146,22.710204081632657,4.197084548104957,2.4295432458697768
2021Q1,ethane,domestic,24.975,25.97959183673469,51.464285714285715,1.2755102040816326
2021Q1,ethane,export,24.975,24.27959183673469,49.76428571428571,1.2755102040816326
2021Q1,propane,domestic,-15.376190476190473,25.97959183673469,10.289601554907678,2.4295432458697768
2021Q1,propane,export,-15.376190476190473,24.27959183673469,8.589601554907675,2.4295432458697768
2021Q2,ethane,domestic,22.125,49.12244897959184,71.69897959183673,1.2755102040816326
2021Q2,ethane,export,22.125,39.82244897959184,62.398979591836735,1.2755102040816326
2021Q2,propane,domestic,-16.285714285714285,49.12244897959184,32.50437317784257,2.4295432458697768
2021Q2,propane,export,-16.285714285714285,39.82244897959184,23.20437317784257,2.4295432458697768
2021Q3,ethane,domestic,23.375,54.02040816326531,77.87244897959184,1.2755102040816326
2021Q3,ethane,export,23.375,31.02040816326531,54.87244897959184,1.2755102040816326
2021Q3,propane,domestic,-27.714285714285722,54.02040816326531,25.7405247813411,2.4295432458697768
2021Q3,propane,export,-27.714285714285722,31.02040816326531,2.740524781341101,2.4295432458697768
2021Q4,ethane,domestic,8.900000000000002,49.87755102040816,58.95918367346939,1.2755102040816326
2021Q4,ethane,export,8.900000000000002,30.577551020408166,39.65918367346939,1.2755102040816326
2021Q4,propane,domestic,-44.83809523809524,49.87755102040816,4.12439261418853,2.4295432458697768
2021Q4,propane,export,-44.83809523809524,30.577551020408166,-15.175607385811468,2.4295432458697768
2022Q1,ethane,domestic,10.725000000000001,34.932653061224485,45.87653061224489,1.2755102040816326
2022Q1,ethane,export,10.725000000000001,25.232653061224482,36.17653061224489,1.2755102040816326
2022Q1,propane,domestic,-45.4952380952381,34.932653061224485,-11.491059280855211,2.4295432458697768
2022Q1,propane,export,-45.4952380952381,25.232653061224482,-21.191059280855214,2.4295432458697768
