regime,route,market,count,mean,min,max
2019,ethane,domestic,4,33.484693877551024,29.760204081632654,37.73979591836735
2019,ethane,export,4,15.534693877551021,13.460204081632657,17.539795918367346
2019,propane,domestic,4,12.062196307094265,5.6520894071914505,17.771622934888235
2019,propane,export,4,-5.8878036929057345,-10.34791059280855,-1.5283770651117603
2020,ethane,domestic,4,33.13265306122449,24.63265306122449,42.43979591836735
2020,ethane,export,4,19.83265306122449,14.132653061224492,27.939795918367352
2020,propane,domestic,4,14.692419825072884,9.472303206997086,18.697084548104954
2020,propane,export,4,1.392419825072885,-1.0276967930029137,4.197084548104957
2021–2022Q1,ethane,domestic,5,61.174285714285716,45.87653061224489,77.87244897959184
2021–2022Q1,ethane,export,5,48.574285714285715,36.17653061224489,62.398979591836735
2021–2022Q1,propane,domestic,5,12.233566569484932,-11.491059280855211,32.50437317784257
2021–2022Q1,propane,export,5,-0.3664334305150675,-21.191059280855214,23.20437317784257
