route,ethylene_yield,credit_cents_lb_feed,cracker_proxy_cents_lb_ethylene,polymer_proxy_cents_lb_pe,integrated_proxy_cents_lb_pe,feed_lb_per_lb_pe
ethane,0.75,0,9.600000000000001,34.932653061224485,44.72857142857143,1.3605442176870748
ethane,0.75,5,16.266666666666666,34.932653061224485,51.5312925170068,1.3605442176870748
ethane,0.75,10,22.933333333333337,34.932653061224485,58.33401360544218,1.3605442176870748
ethane,0.75,15,29.6,34.932653061224485,65.13673469387754,1.3605442176870748
ethane,0.8,0,10.725000000000001,34.932653061224485,45.87653061224489,1.2755102040816326
ethane,0.8,5,16.975,34.932653061224485,52.254081632653055,1.2755102040816326
ethane,0.8,10,23.225,34.932653061224485,58.63163265306122,1.2755102040816326
ethane,0.8,15,29.475,34.932653061224485,65.00918367346938,1.2755102040816326
ethane,0.85,0,11.71764705882353,34.932653061224485,46.88943577430972,1.2004801920768309
ethane,0.85,5,17.6,34.932653061224485,52.891836734693875,1.2004801920768309
ethane,0.85,10,23.482352941176472,34.932653061224485,58.89423769507803,1.2004801920768309
ethane,0.85,15,29.364705882352943,34.932653061224485,64.89663865546218,1.2004801920768309
propane,0.35,0,-60.11428571428572,34.932653061224485,-26.40845481049564,2.915451895043732
propane,0.35,5,-45.82857142857143,34.932653061224485,-11.831195335276973,2.915451895043732
propane,0.35,10,-31.542857142857144,34.932653061224485,2.746064139941687,2.915451895043732
propane,0.35,15,-17.25714285714286,34.932653061224485,17.32332361516034,2.915451895043732
propane,0.42,0,-45.4952380952381,34.932653061224485,-11.491059280855211,2.4295432458697768
propane,0.42,5,-33.59047619047619,34.932653061224485,0.6566569484936835,2.4295432458697768
propane,0.42,10,-21.685714285714283,34.932653061224485,12.804373177842564,2.4295432458697768
propane,0.42,15,-9.780952380952378,34.932653061224485,24.952089407191444,2.4295432458697768
propane,0.5,0,-33.8,34.932653061224485,0.44285714285714306,2.0408163265306123
propane,0.5,5,-23.799999999999997,34.932653061224485,10.6469387755102,2.0408163265306123
propane,0.5,10,-13.799999999999997,34.932653061224485,20.851020408163265,2.0408163265306123
propane,0.5,15,-3.799999999999997,34.932653061224485,31.055102040816326,2.0408163265306123
